	gene_id	case_transcript	control_transcript
0	MME	ENST00000460393.5	ENST00000615825.1
13	SPRY2	ENST00000377102.5	ENST00000377104.3
14	SPRY2	ENST00000540649.2	ENST00000377104.3
15	CD300LG	ENST00000588884.1	ENST00000317310.4
20	PPP1R14A	ENST00000591585.1	ENST00000591291.5
29	FBLN2	ENST00000295760.11	ENST00000404922.7
31	SCARA5	ENST00000380385.6	ENST00000354914.7
35	FXYD1	ENST00000588715.5	ENST00000351325.8
51	JAM2	ENST00000400532.5	ENST00000480456.5
53	HLF	ENST00000575345.5	ENST00000226067.9
88	NTRK2	ENST00000395882.5	ENST00000359847.3
89	NTRK2	ENST00000277120.7	ENST00000359847.3
94	PAMR1	ENST00000611014.4	ENST00000622144.4
101	BTNL9	ENST00000376841.6	ENST00000327705.13
103	S100B	ENST00000367071.4	ENST00000291700.8
105	FAM13A	ENST00000515600.1	ENST00000511976.5
119	CAV2	ENST00000343213.2	ENST00000222693.4
121	ITM2A	ENST00000434584.2	ENST00000373298.6
128	PDE2A	ENST00000418754.6	ENST00000334456.9
191	CDKN2C	ENST00000396148.1	ENST00000371761.3
192	MRAS	ENST00000474559.1	ENST00000621127.4
204	CAV1	ENST00000614113.4	ENST00000393470.1
210	CDKN1C	ENST00000440480.6	ENST00000380725.1
214	CNTNAP3B	ENST00000341990.8	ENST00000612828.4
221	TTC28	ENST00000397906.6	ENST00000612946.4
222	FAXDC2	ENST00000520968.5	ENST00000326080.9
225	PGM5	ENST00000396392.5	ENST00000396396.5
226	CORO2B	ENST00000566799.5	ENST00000540068.5
227	CORO2B	ENST00000543950.2	ENST00000540068.5
231	EGFLAM	ENST00000322350.9	ENST00000397210.7
249	TSHZ2	ENST00000603338.2	ENST00000329613.7
255	TNS1	ENST00000446688.5	ENST00000171887.8
261	CHL1	ENST00000256509.6	ENST00000620033.4
262	CHL1	ENST00000397491.6	ENST00000620033.4
263	GNAL	ENST00000602628.1	ENST00000334049.10
275	TMTC1	ENST00000551659.5	ENST00000256062.9
280	CXorf36	ENST00000377934.4	ENST00000398000.6
281	C2orf40	ENST00000409944.5	ENST00000238044.7
282	RNF150	ENST00000420921.6	ENST00000515673.6
285	AQP1	ENST00000441328.6	ENST00000311813.8
294	C2orf88	ENST00000396974.2	ENST00000340623.4
299	RBMS3	ENST00000452462.5	ENST00000434693.6
339	LEPR	ENST00000349533.10	ENST00000616738.4
353	TSPAN7	ENST00000286824.6	ENST00000378482.6
354	TSLP	ENST00000420978.6	ENST00000379706.4
387	FAM49A	ENST00000406434.5	ENST00000381323.7
388	VIT	ENST00000401530.5	ENST00000404084.5
397	CCDC178	ENST00000579916.5	ENST00000581852.5
408	EGFR	ENST00000442591.5	ENST00000275493.6
414	NTPCR	ENST00000366627.4	ENST00000366628.9
415	CTC-297N7.9	ENST00000579529.2	ENST00000579367.1
416	ABCA8	ENST00000615593.4	ENST00000586539.5
420	SPRY1	ENST00000394339.2	ENST00000622283.1
429	HOXA3	ENST00000612286.4	ENST00000317201.6
431	PLAGL1	ENST00000444202.5	ENST00000367572.3
454	IL33	ENST00000611532.4	ENST00000381434.7
459	SCN4B	ENST00000529878.1	ENST00000324727.8
476	ADAM33	ENST00000379861.8	ENST00000619289.4
482	CBX7	ENST00000401405.7	ENST00000216133.9
483	TACR1	ENST00000409848.3	ENST00000305249.9
484	ID4	ENST00000618493.1	ENST00000378700.7
485	CYYR1	ENST00000400043.3	ENST00000299340.8
486	ATP1A2	ENST00000392233.7	ENST00000361216.7
487	CLEC3B	ENST00000428034.1	ENST00000296130.4
488	SLC25A25	ENST00000373068.6	ENST00000373064.9
498	AQP7	ENST00000379506.7	ENST00000447660.3
504	RGMA	ENST00000329082.11	ENST00000542321.6
518	MAML2	ENST00000618849.1	ENST00000524717.5
519	EBF3	ENST00000355311.9	ENST00000368648.7
520	GSTM5	ENST00000369812.6	ENST00000256593.7
522	NR3C2	ENST00000511528.1	ENST00000512865.5
527	SOBP	ENST00000618129.1	ENST00000317357.9
528	HSPB2-C11orf52	ENST00000534100.1	ENST00000527616.1
529	ITGA6	ENST00000442250.5	ENST00000409532.5
535	SYNPO2	ENST00000610556.4	ENST00000434046.6
543	TMEM100	ENST00000575734.5	ENST00000424486.2
590	APCDD1	ENST00000578882.1	ENST00000355285.9
591	CHRDL1	ENST00000372042.5	ENST00000372045.5
597	KLHL21	ENST00000377663.3	ENST00000377658.8
605	PPP1R12B	ENST00000480184.5	ENST00000391959.4
611	PPARG	ENST00000397026.6	ENST00000397000.5
621	GPAM	ENST00000369425.5	ENST00000348367.8
622	ACOX2	ENST00000459701.6	ENST00000302819.9
623	INMT	ENST00000409539.1	ENST00000013222.5
624	ACACB	ENST00000338432.11	ENST00000377848.7
626	ALDOC	ENST00000395319.7	ENST00000395321.6
628	RSPO3	ENST00000368317.3	ENST00000356698.8
629	CLDN5	ENST00000413119.2	ENST00000618236.1
630	CLDN5	ENST00000403084.1	ENST00000618236.1
632	NFIA	ENST00000357977.5	ENST00000403491.7
671	STAT5A	ENST00000345506.8	ENST00000588868.5
678	TMEM237	ENST00000621467.4	ENST00000409883.6
680	CCL14	ENST00000622526.1	ENST00000614009.1
682	MEOX1	ENST00000549132.1	ENST00000318579.8
683	MEOX1	ENST00000393661.2	ENST00000318579.8
728	SEMA6A	ENST00000513137.5	ENST00000343348.10
735	FXYD6	ENST00000260282.8	ENST00000527717.5
768	MAOA	ENST00000542639.5	ENST00000338702.3
769	BOC	ENST00000484034.1	ENST00000273395.8
775	MET	ENST00000436117.2	ENST00000397752.7
777	EZH1	ENST00000415827.6	ENST00000428826.6
788	EPDR1	ENST00000476620.1	ENST00000199448.8
791	ALDH1A1	ENST00000376939.5	ENST00000297785.7
792	ECHDC1	ENST00000368289.6	ENST00000454859.7
814	AVPR2	ENST00000337474.5	ENST00000358927.6
816	MSRA	ENST00000518255.5	ENST00000317173.8
827	MIR497HG	ENST00000572453.1	ENST00000443997.1
828	ANKRD65	ENST00000537107.5	ENST00000520296.5
838	NRN1	ENST00000622188.4	ENST00000244766.6
839	NRN1	ENST00000616243.1	ENST00000244766.6
873	ASB1	ENST00000409297.1	ENST00000264607.8
874	EPB41L2	ENST00000628542.2	ENST00000337057.7
923	PPAP2A	ENST00000264775.9	ENST00000307259.8
931	PPP1R1A	ENST00000547431.5	ENST00000257905.12
932	VAMP2	ENST00000404970.3	ENST00000316509.10
938	CTNNAL1	ENST00000374595.8	ENST00000374593.4
943	MYCT1	ENST00000529453.1	ENST00000367245.5
944	EBF1	ENST00000380654.8	ENST00000517373.1
946	LIFR	ENST00000453190.6	ENST00000263409.8
947	MOCS1	ENST00000373195.7	ENST00000432280.2
962	PDGFD	ENST00000302251.9	ENST00000393158.6
963	SLC25A27	ENST00000411689.6	ENST00000371347.9
964	CFD	ENST00000592860.2	ENST00000327726.10
965	SORBS1	ENST00000371249.6	ENST00000306402.10
989	ANKRD35	ENST00000355594.8	ENST00000544626.2
1038	CIDEC	ENST00000423850.5	ENST00000336832.6
1059	HSPB6	ENST00000592984.5	ENST00000004982.4
1061	FLT1	ENST00000615840.4	ENST00000282397.8
1068	RAI2	ENST00000331511.5	ENST00000545871.1
1075	DNASE1L3	ENST00000483681.5	ENST00000394549.6
1077	CXCL12	ENST00000374429.6	ENST00000343575.10
1098	RERE	ENST00000337907.7	ENST00000377464.5
1108	BEND7	ENST00000341083.7	ENST00000378605.3
1109	AMOTL2	ENST00000513145.1	ENST00000514516.5
1116	PLP1	ENST00000612423.4	ENST00000619236.1
1118	ETS2	ENST00000360214.7	ENST00000360938.7
1119	SSPN	ENST00000535504.1	ENST00000422622.3
1122	FBLN5	ENST00000342058.8	ENST00000267620.14
1171	IGFBP6	ENST00000548547.5	ENST00000301464.3
1172	MYZAP	ENST00000380565.8	ENST00000267853.9
1173	ABHD14B	ENST00000395008.6	ENST00000361143.9
1178	AC074289.1	ENST00000438115.6	ENST00000451350.1
1179	SYNE3	ENST00000553340.1	ENST00000557275.5
1195	LYVE1	ENST00000529598.1	ENST00000256178.7
1206	AOC3	ENST00000591562.1	ENST00000613571.1
1208	RHOJ	ENST00000555125.1	ENST00000316754.7
1209	BICD2	ENST00000356884.10	ENST00000375512.3
1210	TGFBR3	ENST00000370399.6	ENST00000212355.8
1213	CSTA	ENST00000479204.1	ENST00000264474.3
1214	MID1	ENST00000380780.5	ENST00000380787.5
1242	AKR1C3	ENST00000380554.4	ENST00000439082.6
1301	RERGL	ENST00000536890.1	ENST00000538724.5
1302	MSRB3	ENST00000540804.5	ENST00000535664.5
1304	PER1	ENST00000354903.9	ENST00000317276.8
1305	PER1	ENST00000581082.5	ENST00000317276.8
1306	RBMS2	ENST00000550726.5	ENST00000262031.9
1311	RGN	ENST00000397180.5	ENST00000457380.5
1313	DPYSL2	ENST00000521913.5	ENST00000311151.9
1315	CNTFR	ENST00000351266.8	ENST00000610543.4
1333	GSTM2	ENST00000369831.6	ENST00000241337.8
1344	PLAC9	ENST00000372270.6	ENST00000372263.3
1346	EDNRB	ENST00000626030.1	ENST00000334286.7
1347	EDNRB	ENST00000377211.8	ENST00000334286.7
1389	CLIP4	ENST00000401605.5	ENST00000320081.9
1394	CYP39A1	ENST00000619708.4	ENST00000275016.2
1395	DUSP22	ENST00000344450.9	ENST00000419235.6
1422	ARHGAP26	ENST00000274498.8	ENST00000378004.7
1433	SATB1	ENST00000493952.2	ENST00000491519.4
1439	PTPN21	ENST00000556564.5	ENST00000328736.7
1440	INPP1	ENST00000392329.6	ENST00000322522.8
1441	RGL1	ENST00000304685.8	ENST00000360851.3
1442	AKAP2	ENST00000259318.7	ENST00000374525.5
1443	AKAP2	ENST00000434623.6	ENST00000374525.5
1444	MYO18A	ENST00000531253.5	ENST00000527372.5
1448	LMOD1	ENST00000616739.1	ENST00000367288.4
1561	LPAR6	ENST00000345941.2	ENST00000620633.4
1573	KCNIP2	ENST00000461105.5	ENST00000348850.9
1586	LPIN1	ENST00000396097.5	ENST00000256720.6
1594	OGN	ENST00000262551.8	ENST00000375561.9
1600	KIRREL	ENST00000359209.10	ENST00000368172.1
1605	CD47	ENST00000361309.5	ENST00000355354.11
1606	THRB	ENST00000396671.6	ENST00000356447.8
1611	ALDH1A2	ENST00000558231.5	ENST00000249750.8
1617	RASL12	ENST00000434605.2	ENST00000220062.8
1619	PI16	ENST00000373674.3	ENST00000611814.4
1620	TESC	ENST00000541210.5	ENST00000335209.11
1621	PPM1F	ENST00000397495.8	ENST00000263212.9
1623	CFL2	ENST00000298159.10	ENST00000555765.5
1700	RGAG4	ENST00000609883.1	ENST00000479991.1
1726	BMX	ENST00000342014.6	ENST00000348343.10
1728	ITGA9	ENST00000422441.5	ENST00000264741.9
1729	MFSD4	ENST00000536357.2	ENST00000367147.8
1731	ADGRA3	ENST00000502482.1	ENST00000334304.9
1733	SVEP1	ENST00000401783.6	ENST00000374469.5
1735	WNT11	ENST00000621122.1	ENST00000322563.7
1743	ICAM2	ENST00000449662.6	ENST00000579788.5
1839	AK4	ENST00000546702.5	ENST00000327299.7
1844	ARIH2	ENST00000449376.5	ENST00000356401.8
1845	B3GNT5	ENST00000465010.1	ENST00000326505.3
1847	CD34	ENST00000367036.7	ENST00000356522.4
1849	PSAT1	ENST00000347159.6	ENST00000376588.3
1850	AKT3	ENST00000366539.5	ENST00000263826.9
1891	KIAA1217	ENST00000376451.4	ENST00000376454.7
1937	FAM212B	ENST00000534365.1	ENST00000357260.5
1956	TMEM242	ENST00000367144.4	ENST00000400788.8
1957	CLDN11	ENST00000486975.1	ENST00000064724.7
1958	EHBP1	ENST00000263991.9	ENST00000431489.5
1963	MPPED2	ENST00000448418.6	ENST00000358117.9
1987	PKP1	ENST00000263946.7	ENST00000367324.7
1993	PTPN14	ENST00000543945.5	ENST00000366956.9
1994	SIRPA	ENST00000622179.4	ENST00000356025.7
1997	ADD3	ENST00000356080.8	ENST00000277900.12
2001	PMP22	ENST00000312280.7	ENST00000395938.6
2015	CSDE1	ENST00000261443.9	ENST00000339438.10
2032	CARD6	ENST00000381677.4	ENST00000254691.9
2033	C10orf128	ENST00000474718.5	ENST00000374153.6
2057	ZFYVE21	ENST00000216602.10	ENST00000311141.6
2058	ZHX3	ENST00000432768.6	ENST00000309060.7
2078	AKR1C2	ENST00000380753.8	ENST00000421196.7
2083	CES2	ENST00000417689.5	ENST00000317091.8
2113	MGLL	ENST00000453507.6	ENST00000398104.5
2120	PCDHGB7	ENST00000612073.1	ENST00000398594.3
2121	PDGFRA	ENST00000508170.5	ENST00000257290.9
2122	PDZRN3	ENST00000308537.4	ENST00000462146.6
2148	ADAM15	ENST00000449910.6	ENST00000531455.5
2176	MUSTN1	ENST00000486659.5	ENST00000446157.2
2193	CX3CL1	ENST00000565912.1	ENST00000006053.6
2219	AKR1C1	ENST00000380872.8	ENST00000434459.6
2221	FCER1A	ENST00000368114.1	ENST00000368115.5
2222	WDR86-AS1	ENST00000489632.5	ENST00000480632.5
2223	pk	ENST00000375213.7	ENST00000338983.7
2229	ZNF395	ENST00000523202.5	ENST00000344423.9
2231	IGF2	ENST00000381406.8	ENST00000381395.5
2237	PRKD1	ENST00000415220.6	ENST00000616995.4
2245	KANK1	ENST00000382303.5	ENST00000382297.6
2249	SNCG	ENST00000348795.8	ENST00000372017.3
2250	C16orf89	ENST00000315997.5	ENST00000472572.7
2252	CPED1	ENST00000423795.5	ENST00000310396.9
2258	RASIP1	ENST00000222145.8	ENST00000621604.4
2259	PRNP	ENST00000379440.8	ENST00000430350.2
2260	CLYBL	ENST00000376354.5	ENST00000339105.8
2262	ADCY5	ENST00000491190.5	ENST00000462833.5
2282	ZNF521	ENST00000538137.6	ENST00000361524.7
2284	NAT8L	ENST00000423729.2	ENST00000331662.3
2285	ANKMY2	ENST00000627859.1	ENST00000306999.6
2306	CALM1	ENST00000553542.5	ENST00000356978.8
2314	TINAGL1	ENST00000537531.2	ENST00000271064.11
2349	DFFA	ENST00000377036.2	ENST00000377038.7
2361	DLC1	ENST00000358919.6	ENST00000276297.8
2380	MFAP4	ENST00000395592.6	ENST00000299610.4
2382	KANK3	ENST00000593649.5	ENST00000330915.7
2457	SPIDR	ENST00000518074.5	ENST00000297423.8
2467	PLTP	ENST00000354050.8	ENST00000477313.5
2475	SEMA3D	ENST00000444867.1	ENST00000284136.10
2522	TWIST2	ENST00000448943.2	ENST00000612363.1
2523	EVC2	ENST00000310917.6	ENST00000344408.9
2528	WLS	ENST00000354777.6	ENST00000262348.8
2533	IL6R	ENST00000622330.4	ENST00000368485.7
2535	TMOD2	ENST00000539962.6	ENST00000249700.8
2537	PINLYP	ENST00000612042.4	ENST00000599207.5
2556	DYM	ENST00000442713.6	ENST00000269445.10
2558	MMRN1	ENST00000508372.1	ENST00000264790.6
2578	WTAP	ENST00000621533.4	ENST00000337387.4
2583	GBP2	ENST00000464839.5	ENST00000370466.3
2584	PCSK7	ENST00000540028.5	ENST00000320934.7
2596	ARHGEF6	ENST00000250617.6	ENST00000370620.5
2599	LMO2	ENST00000257818.2	ENST00000395833.7
2600	NAP1L1	ENST00000393263.7	ENST00000548044.5
2695	CLSTN2	ENST00000620185.1	ENST00000458420.7
2729	THRA	ENST00000546243.5	ENST00000394121.8
2733	CYBRD1	ENST00000375252.3	ENST00000321348.8
2735	TSPAN6	ENST00000612152.4	ENST00000373020.8
2801	PIP5K1B	ENST00000541509.5	ENST00000265382.7
2815	TRIM2	ENST00000632856.1	ENST00000338700.9
2820	PTGDS	ENST00000471521.5	ENST00000371625.7
2821	METTL7A	ENST00000547104.1	ENST00000332160.4
2823	HABP4	ENST00000375251.7	ENST00000375249.4
2824	PLS3	ENST00000355899.7	ENST00000539310.5
2829	SLC27A1	ENST00000598424.5	ENST00000252595.11
2830	DPYD	ENST00000306031.5	ENST00000370192.7
2831	ZNF503	ENST00000535216.2	ENST00000372524.4
2832	CTF1	ENST00000395019.3	ENST00000279804.2
2838	TIE1	ENST00000538015.1	ENST00000372476.7
2839	CYP2U1	ENST00000508453.1	ENST00000332884.10
2894	KREMEN1	ENST00000327813.9	ENST00000400335.8
2896	ARID5B	ENST00000309334.5	ENST00000279873.11
2897	RNLS	ENST00000371947.7	ENST00000331772.8
2899	TSC22D1	ENST00000458659.2	ENST00000261489.6
2903	CCDC28A	ENST00000332797.10	ENST00000617445.4
2907	VWA5A	ENST00000361352.9	ENST00000392748.5
2912	EHD2	ENST00000538399.1	ENST00000263277.7
2932	LAMA2	ENST00000617695.4	ENST00000421865.2
2953	SCNN1B	ENST00000307331.9	ENST00000343070.6
3017	AK3	ENST00000611749.4	ENST00000381809.7
3029	FBXO17	ENST00000595329.5	ENST00000292852.8
3030	DDR2	ENST00000367921.7	ENST00000367922.7
3074	LPAR1	ENST00000541779.5	ENST00000358883.8
3079	MT1A	ENST00000622334.1	ENST00000290705.12
3080	ARMCX1	ENST00000616751.1	ENST00000372829.7
3081	PPCS	ENST00000372561.3	ENST00000372556.3
3135	EXOC1	ENST00000346134.11	ENST00000349598.6
3137	TNXB	ENST00000451343.4	ENST00000479795.1
3173	CPAMD8	ENST00000388925.8	ENST00000443236.5
3174	MYOF	ENST00000358334.9	ENST00000359263.8
3180	CXCL14	ENST00000337225.5	ENST00000512158.5
3195	RASD1	ENST00000579152.1	ENST00000225688.3
3211	ZCCHC24	ENST00000372333.3	ENST00000372336.3
3237	DPP4	ENST00000628861.1	ENST00000360534.7
3238	SSR3	ENST00000476217.5	ENST00000265044.6
3244	RASSF8-AS1	ENST00000535436.5	ENST00000500276.6
3245	MARC2	ENST00000359316.6	ENST00000366913.7
3267	ARHGAP23	ENST00000620417.4	ENST00000622683.4
3353	PXMP4	ENST00000217398.3	ENST00000409299.7
3355	RTN4	ENST00000317610.11	ENST00000394609.6
3364	SLC35G2	ENST00000446465.2	ENST00000393079.3
3365	CCDC25	ENST00000522915.5	ENST00000356537.8
3367	CPXM2	ENST00000615851.4	ENST00000241305.3
3368	ACAA2	ENST00000285093.14	ENST00000587994.5
3370	LSM14A	ENST00000544216.7	ENST00000433627.9
3372	FBLN1	ENST00000262722.11	ENST00000327858.10
3374	CSGALNACT1	ENST00000522854.5	ENST00000332246.10
3377	CMA1	ENST00000206446.4	ENST00000250378.7
3378	MAP1LC3B	ENST00000565788.1	ENST00000268607.9
3379	SHMT1	ENST00000354098.7	ENST00000316694.7
3396	AUH	ENST00000303617.5	ENST00000375731.8
3412	CTIF	ENST00000382998.8	ENST00000256413.7
3417	SPG20	ENST00000438666.6	ENST00000494062.2
3427	ACSL4	ENST00000469796.6	ENST00000348502.10
3429	CLCN6	ENST00000376497.7	ENST00000346436.10
3438	C6orf89	ENST00000355190.7	ENST00000480824.6
3442	CLEC1A	ENST00000420265.2	ENST00000457018.6
3470	IL34	ENST00000288098.6	ENST00000429149.6
3493	CSRP2	ENST00000546966.5	ENST00000311083.9
3502	ABI3BP	ENST00000495063.5	ENST00000471714.5
3504	ZFP36L2	ENST00000620081.1	ENST00000282388.3
3505	C11orf63	ENST00000307257.10	ENST00000531316.1
3548	PEG3	ENST00000593695.5	ENST00000326441.13
3550	TBC1D23	ENST00000344949.9	ENST00000394144.8
3552	RP11-6N17.4	ENST00000577279.1	ENST00000582787.1
3553	PRICKLE2	ENST00000564377.5	ENST00000295902.10
3558	PHGDH	ENST00000369407.3	ENST00000369409.8
3605	RP11-983P16.4	ENST00000546793.1	ENST00000546566.5
3607	RP11-617F23.1	ENST00000558334.1	ENST00000620791.1
3608	KLF2	ENST00000592003.1	ENST00000248071.5
3609	AP1S2	ENST00000380291.5	ENST00000329235.6
3611	PLEKHM2	ENST00000375793.2	ENST00000375799.7
3616	HSD17B11	ENST00000507286.1	ENST00000358290.8
3733	MARCH7	ENST00000539065.5	ENST00000259050.8
3745	H6PD	ENST00000602477.1	ENST00000377403.6
3746	MYADM	ENST00000391771.1	ENST00000391770.8
3758	PLCD1	ENST00000463876.5	ENST00000334661.4
3759	AMIGO1	ENST00000369862.1	ENST00000369864.4
3760	F10	ENST00000409306.5	ENST00000375559.7
3764	STAC	ENST00000457375.6	ENST00000273183.7
3768	CCL21	ENST00000378792.1	ENST00000259607.6
3810	FGF7	ENST00000614567.4	ENST00000560270.1
3816	LONP2	ENST00000535754.5	ENST00000285737.8
3864	KCTD14	ENST00000612612.4	ENST00000353172.5
3869	PCNX	ENST00000439984.7	ENST00000304743.6
3870	APH1B	ENST00000380343.8	ENST00000261879.9
3876	CRY2	ENST00000417225.6	ENST00000616080.1
3878	LEPROT	ENST00000613538.1	ENST00000371065.8
3879	KLF11	ENST00000305883.5	ENST00000540845.5
3978	MALL	ENST00000427178.1	ENST00000272462.2
4023	SPATA18	ENST00000419395.6	ENST00000295213.8
4024	KLHDC2	ENST00000298307.9	ENST00000554589.5
4036	VLDLR	ENST00000382100.7	ENST00000382099.2
4037	TYW3	ENST00000479111.5	ENST00000370867.7
4110	LRRC32	ENST00000407242.6	ENST00000260061.9
4112	MAF	ENST00000326043.4	ENST00000393350.1
4114	PLEKHF1	ENST00000592810.1	ENST00000436066.3
4115	ERRFI1	ENST00000467067.1	ENST00000377482.9
4139	HOXD9	ENST00000613849.1	ENST00000249499.7
4164	KLF10	ENST00000395884.3	ENST00000285407.10
4194	CHPT1	ENST00000549872.5	ENST00000229266.7
4195	GOLGA8N	ENST00000569659.5	ENST00000448387.6
4240	DTX4	ENST00000532982.5	ENST00000227451.3
4318	TMEM243	ENST00000433078.5	ENST00000257637.7
4320	USP14	ENST00000383589.6	ENST00000261601.7
4324	SNX5	ENST00000377768.7	ENST00000377759.8
4336	ITSN1	ENST00000399349.5	ENST00000399352.5
4359	WWTR1	ENST00000360632.7	ENST00000465804.5
4405	SYNCRIP	ENST00000369622.7	ENST00000355238.10
4407	DAPK2	ENST00000612884.4	ENST00000558069.5
4409	FBXO31	ENST00000618298.4	ENST00000311635.11
4410	MFNG	ENST00000416983.7	ENST00000356998.7
4411	CTNNBIP1	ENST00000377256.1	ENST00000377263.5
4416	TSPAN2	ENST00000369515.6	ENST00000369516.6
4417	TLR4	ENST00000394487.4	ENST00000355622.6
4425	TBC1D4	ENST00000377636.7	ENST00000377625.6
4435	VIM-AS1	ENST00000605833.1	ENST00000437232.5
4436	GLT8D2	ENST00000548660.5	ENST00000547583.1
4441	C4orf3	ENST00000504110.1	ENST00000399075.6
4542	ACKR1	ENST00000537147.5	ENST00000368121.3
4561	NUDT16	ENST00000502852.1	ENST00000521288.1
4563	MBNL2	ENST00000345429.10	ENST00000376673.7
4584	U2SURP	ENST00000493598.6	ENST00000473835.6
4585	IGBP1	ENST00000342206.10	ENST00000356413.4
4589	JPH2	ENST00000342272.3	ENST00000372980.3
4594	CYTH3	ENST00000396741.3	ENST00000350796.7
4595	RMDN1	ENST00000430676.6	ENST00000406452.7
4600	THSD1	ENST00000349258.8	ENST00000258613.4
4601	HAS3	ENST00000569188.5	ENST00000306560.1
4610	VGLL3	ENST00000383698.3	ENST00000398399.6
4638	TAOK2	ENST00000308893.8	ENST00000279394.7
4664	RDH5	ENST00000547072.5	ENST00000257895.9
4666	MAFG	ENST00000392366.7	ENST00000357736.8
4667	PSIP1	ENST00000397519.6	ENST00000380738.8
4674	FAM213A	ENST00000372185.5	ENST00000372187.9
4696	CACNA2D1	ENST00000423588.1	ENST00000356860.7
4769	HOXA9	ENST00000396345.1	ENST00000343483.6
4776	ADH5	ENST00000626055.2	ENST00000296412.12
4816	MEST	ENST00000378576.8	ENST00000437945.5
4852	PSKH1	ENST00000570631.5	ENST00000291041.5
4890	PIK3IP1	ENST00000441972.5	ENST00000215912.9
4892	ASS1	ENST00000372393.7	ENST00000352480.9
4896	TMEM178A	ENST00000618232.1	ENST00000281961.2
4916	NMT1	ENST00000592782.5	ENST00000258960.6
4931	RHOQ	ENST00000616091.4	ENST00000238738.8
4951	GRASP	ENST00000552049.5	ENST00000293662.8
4952	VAMP3	ENST00000470357.1	ENST00000054666.10
4953	MINOS1	ENST00000617872.4	ENST00000322753.6
5007	KIAA1614	ENST00000367587.1	ENST00000367588.8
5008	LRIG3	ENST00000320743.7	ENST00000379141.8
5034	VSTM4	ENST00000298454.3	ENST00000332853.8
5047	POLR3GL	ENST00000369313.7	ENST00000369314.1
5050	ECM2	ENST00000375540.5	ENST00000344604.9
5052	ACAT1	ENST00000299355.10	ENST00000265838.8
5058	GID4	ENST00000376345.3	ENST00000268719.8
5059	FAM117A	ENST00000513602.5	ENST00000240364.6
5060	TSHZ3	ENST00000558569.1	ENST00000240587.4
5061	TRIM35	ENST00000521253.1	ENST00000305364.8
5066	EXTL3	ENST00000523149.5	ENST00000220562.8
5067	PTP4A2	ENST00000602683.5	ENST00000602725.5
5076	DCBLD2	ENST00000326857.9	ENST00000326840.10
5086	NPY1R	ENST00000509586.5	ENST00000296533.2
5091	PPL	ENST00000590782.6	ENST00000345988.6
5092	SLC7A6OS	ENST00000619380.4	ENST00000263997.10
5095	DDX19A	ENST00000417604.6	ENST00000302243.11
5107	LPCAT2	ENST00000615823.1	ENST00000262134.9
5112	BICC1	ENST00000263103.1	ENST00000373886.7
5113	PCDHGB6	ENST00000616430.1	ENST00000520790.1
5114	ADGRA2	ENST00000315215.11	ENST00000412232.2
5127	C7orf31	ENST00000409280.5	ENST00000283905.7
5137	DLST	ENST00000626051.1	ENST00000334220.8
5152	PTEN	ENST00000610634.1	ENST00000371953.7
5171	TTC38	ENST00000629918.1	ENST00000381031.7
5175	PCDHGB5	ENST00000621169.1	ENST00000617380.1
5197	ZBTB4	ENST00000311403.4	ENST00000380599.8
5232	HSD11B1	ENST00000367028.6	ENST00000367027.4
5277	BBOX1	ENST00000529202.5	ENST00000263182.7
5284	CDC42EP3	ENST00000295324.3	ENST00000611976.1
5285	SNTB1	ENST00000517992.1	ENST00000395601.7
5326	C2orf49	ENST00000410049.1	ENST00000258457.6
5337	FOXN3	ENST00000557258.5	ENST00000345097.8
5346	S100A1	ENST00000368696.3	ENST00000292169.5
5348	PLA2G12A	ENST00000502283.1	ENST00000243501.9
5354	SLC25A20	ENST00000430379.5	ENST00000319017.4
5382	SETBP1	ENST00000426838.8	ENST00000282030.5
5383	PIGV	ENST00000374145.5	ENST00000078527.8
5494	WDTC1	ENST00000319394.7	ENST00000361771.7
5499	FNTA	ENST00000529687.5	ENST00000302279.7
5573	C2orf68	ENST00000409734.3	ENST00000306336.5
5577	NGFR	ENST00000504201.1	ENST00000172229.7
5578	CLIP3	ENST00000593074.5	ENST00000360535.8
5604	ZNF462	ENST00000441147.6	ENST00000277225.9
5613	BHMT2	ENST00000521567.1	ENST00000255192.7
5621	AFAP1L2	ENST00000369271.7	ENST00000304129.8
5622	SLC6A8	ENST00000430077.6	ENST00000253122.9
5630	POLR1E	ENST00000377792.3	ENST00000377798.8
5636	TSHZ1	ENST00000580243.1	ENST00000322038.5
5652	PARD6G	ENST00000470488.2	ENST00000353265.7
5653	KIT	ENST00000412167.6	ENST00000288135.5
5674	ZNF436	ENST00000374608.3	ENST00000314011.8
5731	MIR222HG	ENST00000602507.1	ENST00000602461.1
5757	RNF180	ENST00000296615.10	ENST00000389100.8
5758	LTC4S	ENST00000401985.3	ENST00000292596.14
5767	TRIM34	ENST00000514226.5	ENST00000429814.2
5775	CBX6	ENST00000216083.6	ENST00000407418.7
5776	IQSEC1	ENST00000618604.4	ENST00000273221.8
5781	ARGLU1	ENST00000375926.5	ENST00000400198.7
5856	PRKCE	ENST00000394874.1	ENST00000306156.7
5857	ACAD11	ENST00000481970.2	ENST00000264990.10
5890	EIF2B3	ENST00000372183.7	ENST00000360403.6
5905	ARHGAP42	ENST00000298815.12	ENST00000524892.6
5906	ACADSB	ENST00000368869.8	ENST00000358776.6
5907	DGAT2	ENST00000376262.7	ENST00000228027.11
5929	USP13	ENST00000496897.5	ENST00000263966.7
5939	EPB41L4B	ENST00000374566.7	ENST00000374557.4
5977	LMO4	ENST00000370544.9	ENST00000370542.1
5978	PNPT1	ENST00000415374.5	ENST00000447944.6
6129	C20orf196	ENST00000378979.8	ENST00000303142.10
6169	KDSR	ENST00000326575.9	ENST00000406396.7
6192	NFX1	ENST00000379540.7	ENST00000318524.6
6232	WASF2	ENST00000536657.1	ENST00000618852.4
6317	CCDC3	ENST00000378839.1	ENST00000378825.4
6336	ESYT1	ENST00000267113.4	ENST00000394048.9
6337	FBXO33	ENST00000554190.1	ENST00000298097.7
6354	CLIC6	ENST00000360731.7	ENST00000349499.2
6360	STX8	ENST00000306357.8	ENST00000574431.5
6402	KHDRBS3	ENST00000520981.5	ENST00000355849.9
